{
  "model_type": "IsolationForest",
  "hyperparameters": {
    "n_estimators": 200,
    "max_samples": 1.0,
    "max_features": 1.0,
    "bootstrap": false,
    "contamination": 0.005,
    "random_state": 42
  },
  "n_features": 40,
  "n_trees": 200,
  "threshold": 0.07050316765435005,
  "offset": -0.5968764771725129,
  "metrics": {
    "roc_auc": 0.9856816567071024,
    "fpr_benign_test": 0.04183508488278092,
    "tpr_malware_test": 0.9232236528373867,
    "fpr_benign_val": 0.03543386349909402,
    "tpr_malware_val": 0.9161073825503355
  },
  "note": "Model not saved - C++ version will be built from these parameters"
}