{
  "mean": [
    0.3810239078733258,
    0.2108900226432362,
    4.7068079035397625,
    3.5129254742211695,
    0.40737263737639257,
    0.17636750531981474,
    0.19417446731983876,
    0.5324195769182626,
    38.89735886844411,
    1.5489735886844411,
    7444.079859807235,
    7.149121016655656,
    0.7043434722743772,
    0.6573726373763925,
    5.092840803755171,
    6.680037388195456,
    0.7235886844411065,
    0.8457253723870322,
    8.028479057373609,
    1.3196608641371737,
    0.7643009137564151,
    8.637589570644547,
    0.9024283389660783,
    11.066848095493839,
    0.9323131806233571
  ],
  "scale": [
    0.48563843495162645,
    0.2479403103578758,
    5.797736650181419,
    1.4496762170588988,
    0.4913452672952032,
    0.3811325338869405,
    0.35450961497212674,
    0.4989478640423675,
    34.35383690631252,
    1.295934169939208,
    6087.661848892608,
    5.327859695251482,
    0.4563373153039874,
    0.4745880877194438,
    3.3338244168019564,
    4.207815588420595,
    0.447222651695881,
    0.36121180336175057,
    4.74542331292463,
    0.13418424434818638,
    0.42443495024270095,
    1.263127696268626,
    0.29673461543440316,
    3.194301711065189,
    0.2512077105889001
  ],
  "n_features": 25
}