{
  "mean": [
    12894.84709269575,
    9.399734054167174,
    0.8955686299054891,
    -0.5199974964010765,
    0.049571258684358764,
    0.12003098455203327,
    1.5490705388996682,
    0.32193152656944357,
    4.028759906712332,
    8.028721247640384,
    0.11906935052533855,
    11.067540769218287,
    2.9011066635689557,
    0.9384114664830694,
    7.149568479947679,
    8.637565096791414,
    3.5128782722053127,
    12720.351880828692,
    6.680455491555799,
    0.7236339738373913,
    0.4979658258746949,
    5.093159564524011,
    0.845715716342242,
    0.3810164611629217,
    0.36984415096701506,
    0.7643174563434938,
    5875.842523627714,
    5.645743973437064,
    -0.4426675846529386,
    20.349074974938702,
    0.9024222319584403,
    4.387097675630057,
    5.93440639539931,
    0.9506478062214433,
    7444.545784565313,
    0.7043562621268072,
    0.6574137823120736,
    1.3196746995603217,
    0.9308067847530825,
    0.9323715340802403
  ],
  "scale": [
    16539.255635400114,
    2.2634900002063225,
    0.30581932416819935,
    0.4997252045713339,
    0.21705747855535215,
    0.28800228132795325,
    1.2959167822567002,
    0.4700216991158348,
    0.7564968002728858,
    4.745358999959413,
    0.29610202420481874,
    3.19320150748255,
    1.7634819960527537,
    0.24040670967376204,
    5.327726198612212,
    1.2631634325096854,
    1.4496892873693978,
    17386.459800367447,
    4.2076153704093375,
    0.44720000642407975,
    0.49999586211850594,
    3.333685256841063,
    0.36122104517036446,
    0.48563661052870133,
    0.4827623172561243,
    0.42442464852091855,
    2110.4913823994675,
    3.5959265696474123,
    0.5197924913442274,
    3.2288346111884123,
    0.2967428975149823,
    4.534353013990945,
    0.6606679784957794,
    0.21660229626622257,
    6087.567473902202,
    0.45633158791558537,
    0.47457444214602107,
    0.13417704683658932,
    0.2537824150935427,
    0.2511072609804415
  ],
  "n_features": 40
}