{
  "mean": [
    1.2015896858179997,
    2.854915350365958,
    0.08402796306946143,
    0.8457253723870322,
    4.133901489976202,
    0.055948544289445325,
    0.12004516296026212,
    -0.4184503692577294,
    12895.127049693328,
    -0.3629052447114783,
    21.442264363499813,
    0.5324195769182626,
    6.710673310234723,
    0.3810239078733258,
    11.066848095493839,
    0.6118047408697109,
    0.36982100388033545,
    5875.731130304168,
    8.637589570644547,
    0.0542308173738891,
    0.49796595318563025,
    38.89735886844411,
    0.7235886844411065,
    6.680037388195456,
    4.386823104490012,
    34.90274126924521,
    1.5489735886844411,
    0.938384028038553,
    8.028479057373609,
    5.092840803755171,
    7.149121016655656,
    0.7643009137564151,
    7444.079859807235,
    0.9323131806233571,
    0.9308111152835148,
    0.9506508949805983,
    0.6573726373763925,
    0.7043434722743772,
    1.3196608641371737,
    0.9024283389660783
  ],
  "scale": [
    2.1600394465584327,
    4.024866010301449,
    0.24999521803320088,
    0.36121180336175057,
    5.7175704414792765,
    0.21036431056565413,
    0.28801189568733165,
    0.7120566767638281,
    16539.32504715358,
    0.7774755719784306,
    18.026796855276103,
    0.4989478640423675,
    0.538217824112479,
    0.48563843495162645,
    3.1943017110651883,
    0.22414199207221006,
    0.4827560760563002,
    2110.47230642177,
    1.263127696268626,
    0.2264725939729772,
    0.4999958626364393,
    34.35383690631252,
    0.447222651695881,
    4.207815588420595,
    4.534343939187092,
    35.98327421563778,
    1.295934169939208,
    0.24045674031037925,
    4.74542331292463,
    3.3338244168019564,
    5.327859695251481,
    0.424434950242701,
    6087.661848892608,
    0.2512077105889001,
    0.2537750636847011,
    0.21659586988949195,
    0.4745880877194438,
    0.45633731530398736,
    0.13418424434818635,
    0.29673461543440316
  ],
  "n_features": 40
}