{
  "mean": [
    11.067540769218287,
    0.11906935052533855,
    12720.351880828692,
    0.3810164611629217,
    0.9024222319584403,
    0.845715716342242,
    5.093159564524011,
    0.36984415096701506,
    6.680455491555799,
    0.7236339738373913,
    0.7643174563434938,
    5.645743973437064,
    20.349074974938702,
    0.4979658258746949,
    5875.842523627714,
    -0.4426675846529386,
    5.93440639539931,
    4.387097675630057,
    0.9506478062214433,
    7444.545784565313,
    0.7043562621268072,
    0.6574137823120736,
    1.3196746995603217,
    0.9308067847530825,
    0.9323715340802403
  ],
  "scale": [
    3.19320150748255,
    0.29610202420481874,
    17386.459800367447,
    0.48563661052870133,
    0.2967428975149823,
    0.36122104517036446,
    3.3336852568410626,
    0.48276231725612434,
    4.2076153704093375,
    0.44720000642407975,
    0.42442464852091855,
    3.5959265696474123,
    3.2288346111884123,
    0.4999958621185059,
    2110.4913823994675,
    0.5197924913442274,
    0.6606679784957793,
    4.534353013990945,
    0.21660229626622257,
    6087.567473902202,
    0.45633158791558537,
    0.47457444214602107,
    0.13417704683658932,
    0.2537824150935427,
    0.2511072609804415
  ],
  "n_features": 25
}