{
  "mean": [
    0.2109032222440776,
    0.845715716342242,
    -0.3629592539275208,
    0.12003098455203327,
    168.6624522751455,
    2.854657916153612,
    0.08403322237740846,
    4.13358232155307,
    0.5324529010452526,
    21.442730174626025,
    12894.84709269575,
    11.067540769218287,
    7.780169822967208,
    5.645743973437064,
    0.7236339738373913,
    5.93440639539931,
    6.710681090883479,
    0.3810164611629217,
    0.05423421167928898,
    0.36984415096701506,
    6.680455491555799,
    1.5490705388996682,
    0.6118213416802284,
    8.028721247640384,
    5875.842523627714,
    0.4979658258746949,
    5.093159564524011,
    7.149568479947679,
    8.637565096791414,
    4.387097675630057,
    0.9384114664830694,
    0.7643174563434938,
    7444.545784565313,
    0.9506478062214433,
    0.9308067847530825,
    0.6574137823120736,
    0.9323715340802403,
    0.9024222319584403,
    0.7043562621268072,
    1.3196746995603217
  ],
  "scale": [
    0.2479424557087693,
    0.36122104517036446,
    0.7774598661214444,
    0.28800228132795325,
    58.16236454963271,
    4.024482892049602,
    0.25000215760377176,
    5.717140388331079,
    0.4989456976603236,
    18.02726483776205,
    16539.255635400114,
    3.19320150748255,
    10.250945339410718,
    3.5959265696474123,
    0.44720000642407975,
    0.6606679784957793,
    0.5382268045402121,
    0.48563661052870133,
    0.22647927490791528,
    0.48276231725612434,
    4.2076153704093375,
    1.2959167822567002,
    0.22412241274438022,
    4.745358999959413,
    2110.4913823994675,
    0.49999586211850594,
    3.333685256841063,
    5.327726198612212,
    1.2631634325096854,
    4.534353013990945,
    0.24040670967376204,
    0.42442464852091855,
    6087.567473902203,
    0.21660229626622257,
    0.2537824150935427,
    0.47457444214602107,
    0.2511072609804415,
    0.29674289751498234,
    0.45633158791558537,
    0.13417704683658932
  ],
  "n_features": 40
}