{
  "threshold": 0.08064517267234028,
  "fpr_target": 0.05,
  "val_fpr_achieved": 0.040889957907396274,
  "val_tpr": 0.96,
  "test_fpr": 0.048848848848848846,
  "test_tpr": 0.9439318665720369,
  "auc": 0.9882408076399087,
  "threshold_strategy": "tpr"
}