{
  "threshold": 0.08601411674511084,
  "fpr_target": 0.05,
  "val_fpr_achieved": 0.04972820616066036,
  "val_tpr": 0.9383561643835616,
  "test_fpr": 0.05921584478577203,
  "test_tpr": 0.958273724368145,
  "auc": 0.9879725781412335,
  "threshold_strategy": "tpr"
}