{
  "threshold": 0.08406001385991724,
  "fpr_target": 0.05,
  "val_fpr_achieved": 0.04932554862089793,
  "val_tpr": 0.9429657794676806,
  "test_fpr": 0.06083265966046888,
  "test_tpr": 0.9659036719122556,
  "auc": 0.9858829393648163,
  "threshold_strategy": "tpr"
}