{
  "threshold": 0.07050316765435005,
  "fpr_target": 0.05,
  "val_fpr_achieved": 0.03543386349909402,
  "val_tpr": 0.9161073825503355,
  "test_fpr": 0.04183508488278092,
  "test_tpr": 0.9232236528373867,
  "auc": 0.9856816567071024,
  "threshold_strategy": "tpr"
}