{
  "selected_threshold": 0.016133,
  "embedded": {
    "validation": {"fpr": 0.0277834, "tpr": 0.997525, "roc_auc": 0.998243},
    "test": {"fpr": 0.0569927, "tpr": 1, "roc_auc": 0.998941}
  },
  "development": {
    "validation": {"fpr": 0.0370445, "tpr": 0.920792, "roc_auc": 0.98776},
    "test": {"fpr": 0.0464834, "tpr": 0.940391, "roc_auc": 0.988512}
  },
  "delta": {
    "validation": {"fpr": -0.00926113, "tpr": 0.0767326, "roc_auc": 0.0104835},
    "test": {"fpr": 0.0105093, "tpr": 0.0596089, "roc_auc": 0.0104284}
  }
}
