{
  "selected_threshold": 0.0100316,
  "embedded": {
    "validation": {"fpr": 0.0398631, "tpr": 0.956376, "roc_auc": 0.993272},
    "test": {"fpr": 0.057599, "tpr": 0.9969, "roc_auc": 0.996045}
  },
  "development": {
    "validation": {"fpr": 0.0382525, "tpr": 0.917706, "roc_auc": 0.988023},
    "test": {"fpr": 0.0452708, "tpr": 0.934669, "roc_auc": 0.987899}
  },
  "delta": {
    "validation": {"fpr": 0.00161063, "tpr": 0.0386701, "roc_auc": 0.00524914},
    "test": {"fpr": 0.0123282, "tpr": 0.0622317, "roc_auc": 0.00814569}
  }
}
