{
  "generated_at": "2026-02-23 01:15:47",
  "stage2_manifest_path": "/home/viettran/Documents/visual_code/EDR_AGENT/development_phase/src/../reports/malware_val_test_independence_manifest_stage2.json",
  "stage2_run_id": "7c621bb10254e403",
  "hard_checks": {
    "exact_overlap": 0,
    "imphash_overlap_stage2": {
      "available": true,
      "shared_unique": 0
    },
    "imphash_overlap_clean_proxy": {
      "proxy": "imphash",
      "available": true,
      "val_samples": 401,
      "test_samples": 4194,
      "val_nonzero": 391,
      "test_nonzero": 4110,
      "val_unique": 7,
      "test_unique": 9,
      "shared_unique": 7,
      "jaccard_unique": 0.7777777777777778,
      "val_shared_rate": 0.0,
      "test_shared_rate": 0.0
    },
    "max_cross_similarity_threshold": 0.995,
    "min_malware_val_samples": 80,
    "max_malware_val_percent_of_benign_train": 5.0,
    "malware_val_total_samples": 401,
    "malware_val_model_samples": 401
  },
  "quantitative_checks": {
    "cross_similarity_profile": {
      "available": true,
      "val_to_test": {
        "q50": 0.8912739157676697,
        "q90": 0.9638689756393433,
        "q99": 0.9910414814949036,
        "max": 0.9931619167327881
      },
      "test_to_val": {
        "q50": 0.8219725489616394,
        "q90": 0.9243727624416351,
        "q99": 0.9778147381544113,
        "max": 0.9931619167327881
      },
      "threshold_counts": {
        ">=0.9950": {
          "val_to_test": 0,
          "test_to_val": 0
        }
      }
    },
    "knn_cross_split": {
      "available": true,
      "sampled_val": 401,
      "sampled_test": 401,
      "k": {
        "5": {
          "val_to_test_cross_rate": 0.10773067331670821,
          "test_to_val_cross_rate": 0.10473815461346633,
          "global_cross_rate": 0.10623441396508727
        }
      }
    },
    "split_predictability_auc": {
      "available": true,
      "cv_folds": 3,
      "auc_mean": 0.9380049637256936,
      "auc_std": 0.00294022478396987,
      "auc_values": [
        0.9338500629897722,
        0.9402237738346892,
        0.9399410543526197
      ]
    },
    "mmd_rbf_permutation": {
      "available": true,
      "sampled_val": 401,
      "sampled_test": 401,
      "gamma": 0.9098849645140212,
      "mmd2_observed": 0.10015606880187988,
      "permutations": 300,
      "p_value": 0.0033222591362126247
    }
  },
  "hard_violations": [],
  "all_hard_checks_pass": true
}