{
  "generated_at": "2026-02-22 13:10:04",
  "stage2_manifest_path": "/home/viettran/Documents/visual_code/EDR_AGENT/development_phase/src/../reports/malware_val_test_independence_manifest_stage2.json",
  "stage2_run_id": "fc08958d6f52e542",
  "hard_checks": {
    "exact_overlap": 0,
    "imphash_overlap_stage2": {
      "available": true,
      "shared_unique": 0
    },
    "imphash_overlap_clean_proxy": {
      "proxy": "imphash",
      "available": true,
      "val_samples": 298,
      "test_samples": 4194,
      "val_nonzero": 291,
      "test_nonzero": 4110,
      "val_unique": 7,
      "test_unique": 9,
      "shared_unique": 7,
      "jaccard_unique": 0.7777777777777778,
      "val_shared_rate": 0.0,
      "test_shared_rate": 0.0
    },
    "max_cross_similarity_threshold": 0.995,
    "min_malware_val_samples": 200,
    "max_malware_val_percent_of_benign_train": 5.0,
    "malware_val_total_samples": 298,
    "malware_val_model_samples": 298
  },
  "quantitative_checks": {
    "cross_similarity_profile": {
      "available": true,
      "val_to_test": {
        "q50": 0.8501840233802795,
        "q90": 0.9448054432868958,
        "q99": 0.9902663230895996,
        "max": 0.9922710657119751
      },
      "test_to_val": {
        "q50": 0.7696334719657898,
        "q90": 0.900618314743042,
        "q99": 0.9688286185264587,
        "max": 0.9922710657119751
      },
      "threshold_counts": {
        ">=0.9950": {
          "val_to_test": 0,
          "test_to_val": 0
        }
      }
    },
    "knn_cross_split": {
      "available": true,
      "sampled_val": 298,
      "sampled_test": 298,
      "k": {
        "5": {
          "val_to_test_cross_rate": 0.12885906040268455,
          "test_to_val_cross_rate": 0.1174496644295302,
          "global_cross_rate": 0.12315436241610739
        }
      }
    },
    "split_predictability_auc": {
      "available": true,
      "cv_folds": 3,
      "auc_mean": 0.9405872988347951,
      "auc_std": 0.011909042344180583,
      "auc_values": [
        0.9252575107296137,
        0.9542925680264734,
        0.9422118177482984
      ]
    },
    "mmd_rbf_permutation": {
      "available": true,
      "sampled_val": 298,
      "sampled_test": 298,
      "gamma": 0.8468978606980242,
      "mmd2_observed": 0.11611175537109375,
      "permutations": 300,
      "p_value": 0.0033222591362126247
    }
  },
  "hard_violations": [],
  "all_hard_checks_pass": true
}